original_make,standardized_make
cirrus design corp,cirrus design corp
golden avio s r l,golden avio s r l
piper aircraft inc,piper aircraft inc
bellanca,bellanca
maule,maule
piper,piper aircraft inc
progressive aerodyne inc,progressive aerodyne inc
cessna,cessna
taylorcraft,taylorcraft
hawker beechcraft corp,hawker beechcraft corp
diamond aircraft ind inc,diamond aircraft ind inc
mooney,mooney
boeing,boeing
aero commander,aero commander
beech,beech
pilatus,pilatus
robinson helicopter,robinson helicopter
remos aircraft gmbh,remos aircraft gmbh
textron aviation inc,textron aviation inc
raytheon aircraft company,raytheon aircraft company
stinson,stinson
socata,socata
aeronca,aero commander
flight design gmbh,flight design gmbh
icp srl,icp srl
xtremeair gmbh,xtremeair gmbh
grumman american avn. corp.,grumman american avn. corp.
ag-cat corporation,ag-cat corporation
airbus,airbus
gulfstream aerospace,gulfstream aerospace
air tractor inc,air tractor inc
aviat,aviat
dehavilland,dehavilland
tecnam,tecnam
cirrus,cirrus design corp
czech aircraft works spol sro,czech aircraft works spol sro
monocoupe,monocoupe
fairchild,fairchild
cubcrafters inc,cubcrafters inc
aviat aircraft inc,aviat
costruzioni aeronautiche tecna,costruzioni aeronautiche tecna
champion,champion
smith william s,smith william s
luscombe,luscombe
embraer s a,embraer s a
north american,north american
liore et oliver,liore et oliver
helio,helio
ercoupe,ercoupe
thrush aircraft llc,thrush aircraft llc
piper/gerbi charles r,piper/gerbi charles r
american champion aircraft,american champion aircraft
remos,remos aircraft gmbh
bell helicopter textron canada,bell helicopter textron canada
van's aircraft,van's aircraft
ayres corporation,ayres corporation
zlin aviation s r o,zlin aviation s r o
airbus sas,airbus
nanchang china,nanchang china
diamond,diamond aircraft ind inc
schweizer aircraft corp,schweizer aircraft corp
israel aircraft industries,israel aircraft industries
waco,waco
irwin jeffrey c,irwin jeffrey c
embraer,embraer s a
mikoyan gurevich,mikoyan gurevich
scoda aeronautica ltda,scoda aeronautica ltda
remos acft gmbh flugzeugbau,remos aircraft gmbh
taylorcraft aviation corp.,taylorcraft
van grouw r / cantrell l,van grouw r / cantrell l
grumman acft eng cor-schweizer,grumman acft eng cor-schweizer
air tractor,air tractor inc
czech sport aircraft,czech sport aircraft
george stone,george stone
varga aircraft corp.,varga aircraft corp.
grumman,grumman american avn. corp.
pollock michael d,pollock michael d
douglas,douglas
sling aircraft (pty) ltd,sling aircraft (pty) ltd
mariner,mariner
aerofab,aerofab
pipistrel lsa s r l,golden avio s r l
vickers-armstrong ltd,vickers-armstrong ltd
found,found
berkut,berkut
icon,icon
curtiss wright,curtiss wright
sharp glennis,sharp glennis
buck/crawford/crawford,buck/crawford/crawford
volato,volato
compagnie daher,compagnie daher
dassault-breguet,dassault-breguet
pitts,pitts
temco,temco
rockwell international,rockwell international
airbus industrie,airbus
rockwell international corp,rockwell international
pipistrel doo ajdovscina,pipistrel doo ajdovscina
piaggio aero industries spa,piaggio aero industries spa
nanchang,nanchang china
american,american champion aircraft
gulfstream-schweizer a/c corp,gulfstream aerospace
commander aircraft co,commander aircraft co
viking air limited,viking air limited
north american-buehn,north american
silvaire,silvaire
honda aircraft co llc,honda aircraft co llc
gates lear jet,gates lear jet
universal,universal
mooney aircraft corp.,mooney
pool cessna,pool cessna
ely john m,ely john m
gulfstream american corp,gulfstream aerospace
aero vodochody,aero vodochody
gulfstream aerospace corp,gulfstream aerospace
gilbert r. ringer,gilbert r. ringer
gates learjet corp.,gates lear jet
vashon aircraft,van's aircraft
globe,globe
pipistrel lsa srl,pipistrel lsa srl
ryan,ryan
aeropilot s r o,zlin aviation s r o
diamond aircraft ind gmbh,diamond aircraft ind inc
keskimaki charles a,keskimaki charles a
s c aerostar s a,s c aerostar s a
navion,navion
yakovlev,yakovlev
bombardier inc,bombardier inc
learjet inc,learjet inc
aircraft mfg & development co,aircraft mfg & development co
jabiru usa sport aircraft llc,jabiru usa sport aircraft llc
gates learjet corp,gates lear jet
cub crafters inc,cubcrafters inc
world aircraft co,world aircraft co
quad city,quad city
embraer executive aircraft inc,embraer executive aircraft inc
grumman american,grumman american avn. corp.
vans,vans
arado-flugzeugwerke gmbh,arado-flugzeugwerke gmbh
orlican s r o,zlin aviation s r o
engineering & research,engineering & research
gates lear jet corp.,gates lear jet
phantom aeronautics,phantom aeronautics
extra,extra
antonov,antonov
bell,bellanca
pipistrel d o o,pipistrel doo ajdovscina
american aviation,american champion aircraft
eclipse aerospace inc,eclipse aerospace inc
hawker beechcraft,hawker beechcraft corp
aeroprakt manufacturing sp zoo,aeroprakt manufacturing sp zoo
howard aircraft,howard aircraft
cub crafters,cubcrafters inc
taylorcraft aviation corp,taylorcraft
mary alexander,mary alexander
arter warren,arter warren
aerovodochody,aero vodochody
sonex aircraft,sonex aircraft
kumhyr david b,kumhyr david b
waco classic aircraft corp,waco classic aircraft corp
cirrus aircraft,cirrus aircraft
diamond aircraft industries,diamond aircraft ind inc
christen industries inc,christen industries inc
flight design general avn gmbh,flight design gmbh
boeing (stearman),boeing
diamond aircraft,diamond aircraft ind inc
aerotek,aerotek
eads socata,eads socata
smith,smith william s
beechcraft,beech
casa,casa
consolidated aeronautics inc.,consolidated aeronautics inc.
air tractor inc.,air tractor inc
de havilland,dehavilland
weatherly aviation co inc,weatherly aviation co inc
waco classic aircraft,waco classic aircraft corp
miller-thorp,miller-thorp
vulcanair,vulcanair
easter william c,easter william c
flightstar inc,flightstar inc
piper aircraft corporation,piper aircraft inc
piper/cub crafters,piper/cub crafters
arion,arion
extra flugzeugbau gmbh,extra flugzeugbau gmbh
kakeldey ronald o,kakeldey ronald o
gmk ventures llc,gmk ventures llc
magnaghi aeronautica spa,magnaghi aeronautica spa
james c geyman,james c geyman
bucker,bucker
mcdonnell douglas,mcdonnell douglas
hawker,hawker beechcraft corp
meyers industries inc,meyers industries inc
pepperd greg j,pepperd greg j
amd,amd
short bros. & harland,short bros. & harland
czech sport aircraft a s,czech aircraft works spol sro
bombardier,bombardier inc
shea,shea
meyer fred j,meyer fred j
cessna aircraft co.,cessna
foster william d,foster william d
grumman american avn. corp,grumman american avn. corp.
co-z development corp,co-z development corp
mx aircraft llc,mx aircraft llc
textron aviation,textron aviation inc
sparks ralph a,sparks ralph a
quicksilver aircraft co,quicksilver aircraft co
thrush aircraft inc,thrush aircraft llc
mitsubishi,mitsubishi
swearingen,swearingen
thrush,thrush aircraft llc
short bros,short bros. & harland
superior,superior
piper-harris,piper/gerbi charles r
dietrich ryan,dietrich ryan
pf cub flyers llc,pf cub flyers llc
cessna aircraft co,cessna
fernandes dale r,fernandes dale r
fpna,fpna
downer,downer
airplane factory (pty) ltd,airplane factory (pty) ltd
paradise aircraft usa llc,paradise aircraft usa llc
newell michael j,newell michael j
czech sport aircraft as,czech aircraft works spol sro
tuttle bruce c,tuttle bruce c
honda jet,honda jet
liberty aerospace incorporated,liberty aerospace incorporated
darrell d. dugger,darrell d. dugger
mckenzie john p,mckenzie john p
american legend aircraft co,american champion aircraft
britten-norman,britten-norman
pilatus aircraft ltd,pilatus
great lakes,great lakes
dassault aviation,dassault aviation
universal stinson,universal
leach michael,leach michael
walter tachiki,walter tachiki
2021fx3 llc,2021fx3 llc
gates learjet corporation,gates lear jet
dudek paragliders,dudek paragliders
aerofab inc,aerofab
piper aircraft,piper aircraft inc
monte clark,monte clark
travel air,travel air
canadair,canadair
found acft canada inc,found acft canada inc
alon,alon
cubcrafters,cubcrafters inc
iai,iai
maxair,maxair
eric a munzer,eric a munzer
cessna/air repair inc,cessna
santa fe aircraft llc,santa fe aircraft llc
vans aircraft inc,van's aircraft
hall terrence / hall cathie,hall terrence / hall cathie
rockwell,rockwell international
lancair,vulcanair
wsk-mielec,wsk-mielec
unknown,unknown
avid,avid
flight design,flight design gmbh
dassault,dassault-breguet
interstate,interstate
robinson helicopter company,robinson helicopter
kitfox,kitfox
gordon scot a,gordon scot a
quad city ultralight,quad city
columbia aircraft mfg,columbia aircraft mfg
stout garry v,stout garry v
alaskan air adventures llc,alaskan air adventures llc
lake,lake
liteflite pty ltd,liteflite pty ltd
weiss denis,weiss denis
kuykendall charles,kuykendall charles
siai-marchetti,siai-marchetti
dehavilland canada,dehavilland
pzl mielec,pzl mielec
just aircraft llc,just aircraft llc
bailey n moyes,bailey n moyes
payne steven r,payne steven r
davidson larry r,davidson larry r
scott mills,scott mills
quest aircraft company llc,quest aircraft company llc
focke-wulf,focke-wulf
earthstar aircraft,earthstar aircraft
curnutt elton e,curnutt elton e
feraca edward m,feraca edward m
dewsnup dave,dewsnup dave
ware jerry l,ware jerry l
pzl warszawa-okecie,pzl warszawa-okecie
maxson phil,maxson phil
pipistrel,pipistrel doo ajdovscina
robert trembly,robert trembly
stearman aircraft,stearman aircraft
ted smith,ted smith
israel aerospace industries ltd,israel aircraft industries
jabiru aircraft pty ltd,jabiru usa sport aircraft llc
aeropro cz s r o,zlin aviation s r o
consolidated vultee,consolidated aeronautics inc.
davis donald m,davidson larry r
rowe dennis a,rowe dennis a
magnus aircraft llc,magnus aircraft llc
jabiru usa sport aircraft,jabiru usa sport aircraft llc
aviat inc,aviat
davis dan b,davidson larry r
burg frederick s,burg frederick s
aermacchi,aermacchi
learjet,learjet inc
velocity,velocity
jabiru,jabiru
randy wayne maloney,randy wayne maloney
tl ultralight sro,tl ultralight sro
kolb,kolb
mooney international corp,mooney international corp
quad city aircraft corp,quad city
express,express
raytheon,raytheon aircraft company
extra flugzeugproduktions-und,extra flugzeugproduktions-und
eclipse,eclipse aerospace inc
cirrus design corp.,cirrus design corp
american legend,american legend
republic,republic
zlin aviation,zlin aviation s r o
remos aircraft gmbh flugzeugbau,remos aircraft gmbh
aero bristell,aerotek
czech,czech sport aircraft
rans,ryan
evolution,evolution
fokker,fokker
team rockets,team rockets
quicksilver,quicksilver aircraft co
ayres,ayres corporation
stearman,stearman aircraft
pilatus aircraft,pilatus
bird,bird
cessna ector,cessna
northrop,northrop
performer,performer
greg miller,greg miller
american eurocopter,american legend
quest,quest
furlong,furlong
britten norman,britten-norman
golden circle air,golden circle air
evektor aerotechnik,evektor aerotechnik
coyote,coyote
sonex,sonex aircraft
omf,omf
vaughn,vaughn
n126c llc,n126c llc
m-squared,m-squared
dayton-wright,dayton-wright
keuthan aircraft corp,keuthan aircraft corp
aerostar,aerofab
flightstar,flightstar inc
eagle,eagle
pipistrel italia srl,pipistrel lsa srl
american legand aircraft,american champion aircraft
zenair,zenair
commander,commander aircraft co
orlican,orlican
piaggio,piaggio aero industries spa
aeropro cz,aeropro cz
glasair,glasair
gulfstream,gulfstream aerospace
airborne,airborne
eipper,eipper
john sample,john sample
javron,javron
bae,bae
symphony aircraft ind inc,symphony aircraft ind inc
higgins john h/williams john d,higgins john h/williams john d
saab,saab
weatherly,weatherly aviation co inc
wingtip to wingtip llc,wingtip to wingtip llc
zenith,zenith
honda aircraft,honda aircraft co llc
reed mike,reed mike
thomas lee,thomas lee
pzl okecie,pzl mielec
convair,convair
jackson,jackson
lockheed,lockheed
scoda aeronautical,scoda aeronautica ltda
fantasy air,fantasy air
moth aircraft corp,moth aircraft corp
culver,culver
valldejuli john a,valldejuli john a
aeros ltd,aerotek
skybolt,skybolt
howard steven c,howard steven c
david s meek,david s meek
ratheon aircraft company,raytheon aircraft company
jihlavan airplanes sro,jihlavan airplanes sro
vought,vought
hawker siddeley,hawker siddeley
gippsland,gippsland
storch,storch
morrison rocky v,morrison rocky v
porterfield,porterfield
stol aircraft corp,moth aircraft corp
rutan,rutan
zlin,zlin
czech sport,czech sport aircraft
brm aero,brm aero
silveira jonathan a,silvaire
scottish aviation,scottish aviation
ultralite sro,ultralite sro
airplane factory,airplane factory (pty) ltd
howard,howard aircraft
halladay roy,halladay roy
wsk pzl mielec,wsk pzl mielec
apollo aircraft inc,apollo aircraft inc
rose,rose
classic aircraft corp,classic aircraft corp
aeroprakt,aerofab
rgj aviation llc,rgj aviation llc
dornier gmbh,dornier gmbh
gippsaero pty ltd,gippsaero pty ltd
fairchild(howard),fairchild
lite flight,lite flight
m-squared aircraft,m-squared
zenair ltd,zenair
pphu ekolot,pphu ekolot
gulfstream am corp comm div,gulfstream aerospace
flightworks corp,flightworks corp
fairchild funk,fairchild
soko,soko
oliver lawrence r,oliver lawrence r
quartz mountain aerospace,quartz mountain aerospace
s.o.c.a.t.a.,socata
x-air llc,x-air llc
mcdonnell douglas aircraft co,mcdonnell douglas
czech sport aircraft a.s.,czech sport aircraft
piper / laudeman,piper / laudeman
aveko sro,aveko sro
icon aircraft inc,icon aircraft inc
flugzeugproduktions-und vertri,flugzeugproduktions-und vertri
fleetwood jack,fleetwood jack
borom marcus p,borom marcus p
ultralight america,ultralite sro
freeman heritage collection,freeman heritage collection
eris e. ervin,eris e. ervin
airmax construcoes aeronautica,airmax construcoes aeronautica
rans inc,rans inc
cobalt aircraft industries inc,cobalt aircraft industries inc
golden eagle,golden avio s r l
pacific aerospace ltd,pacific aerospace ltd
greene r/greene s,greene r/greene s
aerotechnik,aerotek
construcciones aeronauticas sa,consolidated aeronautics inc.
hillard charlie r,hillard charlie r
british aircraft corp.,british aircraft corp.
aircraft mfg & dvlpmt co,aircraft mfg & development co
spani wayne m,spani wayne m
north american/aero classics,north american
chicco miguel e,chicco miguel e
rainbow sky reach (pty) ltd,rainbow sky reach (pty) ltd
morrisey,morrison rocky v
vickers,vickers-armstrong ltd
slip stream,slip stream
american general acft corp,american champion aircraft
north wing uum inc,north wing uum inc
avions mudry cie,avions mudry cie
arctic aircraft co inc,arctic aircraft co inc
extra flugzeugbau,extra
wsk-pzl warzawa-okecie,wsk-pzl warzawa-okecie
reims,reims
mooney airplane co inc,mooney
quicksilver manufacturing inc,quicksilver aircraft co
appleby,appleby
grumman schweizer,grumman acft eng cor-schweizer
titan,titan
funk,funk
aero adventure,aero commander
iniziative industriali italian,iniziative industriali italian
challenger,challenger
grob aircraft ag,grob aircraft ag
lancair company,lancair company
aerostar acft corp of texas,aerostar acft corp of texas
pitts special,pitts
softex invest llc,softex invest llc
aircraft mfg & design llc,aircraft mfg & development co
arion aircraft llc,arion
broussard,broussard
northwing,north american
fairchild heli-porter,fairchild
volaircraft,volaircraft
drake,drake
new piper aircraft inc,new piper aircraft inc
airtime aircraft inc,air tractor inc
pacific aerospace corp ltd,pacific aerospace ltd
evektor-aerotechnik as,evektor aerotechnik
p z l -warszawa-cnpsl,p z l -warszawa-cnpsl
kessinger roger l,kessinger roger l
holley carol l,holley carol l
s c aerostar s .a.,s c aerostar s a
canadian light acft sales &svc,canadian light acft sales &svc
bristell,bristell
meyers,meyers industries inc
chance vought,chance vought
tumbling goose llc,tumbling goose llc
canadian car & foundry,canadian car & foundry
avions mudry et cie,avions mudry cie
rainbow sky reach,rainbow sky reach (pty) ltd
pollack,pollack
fleet,fleetwood jack
rans employee flying club,rans employee flying club
seguin,seguin
cessna aircraft,cessna
nakajima,nakajima
goodyear,goodyear
north wing,north american
mcdonnell douglas corporation,mcdonnell douglas
aerostar s a,s c aerostar s a
golden circle air inc,golden circle air
kelm david,kelm david
consolidated  aeronautics inc.,consolidated aeronautics inc.
british aerospace,british aircraft corp.
u-fly-it,u-fly-it
bucker jungmeister,bucker
sukhoi,sukhoi
clark,clark
aerofab inc.,aerofab
boeing company,boeing
dova aircraft,van's aircraft
weatherly aviation company inc,weatherly aviation co inc
eclipse aviation corp,eclipse aerospace inc
north american rockwell,north american
bartels,bartels
ryan aeronautical,ryan aeronautical
eagle aircraft co,eagle
kinner,kinner
devoe,devoe
brandt leroy e,brandt leroy e
lockheed-martin,lockheed
colonial,colonial
short brothers plc,short bros. & harland
sea & sky inc dba krucker acft,sea & sky inc dba krucker acft
wilson michael a,wilson michael a
citabria,citabria
rockwell commander,rockwell international
consolidated aeronautics,consolidated aeronautics inc.
meuer gary d,meuer gary d
buhl,buhl
aero sp z o o,aero sp z o o
quicksilver enterprises inc,quicksilver aircraft co
bedecorp llc,bedecorp llc
lanshe aerospace,lanshe aerospace
bae systems,bae systems
cub crafter,cubcrafters inc
colyaer sl,colyaer sl
bombardier canadair,bombardier inc
farthing james w ii,farthing james w ii
ferdon,ferdon
dassault/sud,dassault-breguet
fouga,fouga
embraer s.a.,embraer s a
hawker aircraft ltd,hawker aircraft ltd
stol,stol
siai marchetti,siai-marchetti
slingsby,slingsby
embraer-empresa brasileira de,embraer-empresa brasileira de
cgs aviation llc,rgj aviation llc
schempp-hirth,schempp-hirth
indus aviation inc.,indus aviation inc.
hughes aero corp,hughes aero corp
foxair llc,x-air llc
pettit,pettit
marsh aviation,marsh aviation
quicksilver eipper acft inc,quicksilver aircraft co
kevin d'angelo,kevin d'angelo
barger jerry l,barger jerry l
rans aircraft,van's aircraft
franke roland,franke roland
eipper formance inc,eipper
phantom aircraft co,phantom aeronautics
eurocopter,ercoupe
siler ronald e,siler ronald e
bailey-moyes microlights,bailey-moyes microlights
erick magno & assoc pa,erick magno & assoc pa
schumacher,schumacher
taylor,taylorcraft
cosmos phase ii,cosmos phase ii
gulfstream schweizer a/c corp,gulfstream aerospace
bailey robert,bailey n moyes
skykits corp,skykits corp
brm aero sro,brm aero
evolution trikes,evolution
177mf llc,177mf llc
airplane factory (pty) ltd the,airplane factory (pty) ltd
buckeye industries,buckeye industries
fantasy air sro,fantasy air
norman,norman
partenavia s.p.a.,partenavia s.p.a.
sabrena,sabrena
fogg,fogg
weinzierl,weinzierl
canadair ltd,canadair
fk lightplanes,fk lightplanes
quad city ultralight acft corp,quad city
new piper,new piper aircraft inc
yuneec,yuneec
glasair aviation usa llc,glasair
l goldner,l goldner
beller,beller
kenneth m franz,kenneth m franz
american champion,american champion aircraft
maxair drifter,maxair
breezer aircraft,breezer aircraft
"boeing company, long beach div","boeing company, long beach div"
cessna/weaver,cessna
consolidated aeronautics inc,consolidated aeronautics inc.
tl ultralight,tl ultralight sro
perth amboy,perth amboy
fetterman lanny r,fetterman lanny r
urban air sro,urban air sro
gulfstream-schweizer,gulfstream aerospace
bryant frederick m,burg frederick s
super 18 llc,super 18 llc
commonwealth,commonwealth
stetson norman b,stetson norman b
fpna llc,fpna
folland aircraft co ltd,honda aircraft co llc
durfee fred,durfee fred
grumman aircraft cor-schweizer,grumman acft eng cor-schweizer
univair aircraft corporation,univair aircraft corporation
luy wayman,luy wayman
chicco,chicco miguel e
martin charles a,martin charles a
diamond aicraft industries inc,diamond aircraft ind inc
"aviat aircraft, inc.",aviat
boeing-stearman,boeing
aerotek inc,aerotek
ultramagic sa,ultramagic sa
flightstar sportplanes,flightstar inc
cirrus design corporation,cirrus design corp
"newgent, barry","newgent, barry"
mason robert,mason robert
dean leslie n,dean leslie n
andrews,andrews
hawker beechcraft corporation,hawker beechcraft corp
mcnulty john s,mcnulty john s
bucker jungmann,bucker
avions fairey,avions mudry cie
north american-medore,north american
lsa america inc,lsa america inc
lawson j/bowie r/smith m,lawson j/bowie r/smith m
"jabiru usa sport aircraft, llc",jabiru usa sport aircraft llc
central ohio dragonfly club,central ohio dragonfly club
us light aircraft corp,us light aircraft corp
"swift museum foundation, inc.","swift museum foundation, inc."
quicksilver mfg,quicksilver aircraft co
grumman aircraft eng corp,grumman american avn. corp.
team inc,team rockets
keuthan,keuthan aircraft corp
mccleery,mccleery
beagle,eagle
jdt mini-max llc,jdt mini-max llc
seymour,seymour
grob-werke,grob-werke
pitcairn,pitcairn
skykits usa corp,skykits corp
quad city ultralights,quad city
kolb aircraft co,kolb
"schweizer, n36289","schweizer, n36289"
brown mitch,brown mitch
ison aircraft,sonex aircraft
santana,santana
grumman acft eng cor,grumman american avn. corp.
interplane,interstate
"joseph c. andrews, jr.","joseph c. andrews, jr."
harold h. smith,harold h. smith
"mooney airplane company, inc.","mooney airplane company, inc."
bayliss milton a iii,bayliss milton a iii
dornier,downer
aerotrek,aerotek
chamberlain gerald,chamberlain gerald
sc iar sa brasov,sc iar sa brasov
jones peter m,jones peter m
grumman american aviation,grumman american avn. corp.
fields mike,fields mike
"consolidated aeronautics, inc.",consolidated aeronautics inc.
phillips william l,phillips william l
moyes b/bailey b,moyes b/bailey b
aeros ltd/skyranger aircraft,aeros ltd/skyranger aircraft
m squared,m-squared
"cubcrafters, inc",cubcrafters inc
hawker beech,hawker beechcraft corp
beechcraft corporation,beechcraft corporation
tiger aircraft llc,piper aircraft inc
t bird golden circle air inc,golden circle air
nelson sydney/nelson diann,nelson sydney/nelson diann
new kolb aircraft co,new kolb aircraft co
bombardier learjet corp.,bombardier inc
lester robert e,lester robert e
aerostar aircraft corporation,aerostar acft corp of texas
czech sportplanes sro,czech aircraft works spol sro
"piper aircraft, inc.",piper aircraft inc
skykits,skykits corp
sigmon harvey e,sigmon harvey e
interplane s r o,zlin aviation s r o
moyes bailey,moyes b/bailey b
loehle aircraft corp,moth aircraft corp
starduster ii,starduster ii
remos aircraft gmbh flugzeugba,remos aircraft gmbh
"van's aircraft, inc.",van's aircraft
"air tractor, inc.",air tractor inc
rans designs inc,rans inc
schweizer,schweizer aircraft corp
mitchell david n,mitchell david n
p&m aviation,p&m aviation
ferguson aircraft,ferguson aircraft
aerosport ltd,aeropro cz
edwards douglas l,edwards douglas l
t&t aviation inc,t&t aviation inc
nord,nord
moyes,moyes b/bailey b
quasar acft co llc,quasar acft co llc
polaris,polaris
"sky international, inc.","sky international, inc."
taylorcraft corp,taylorcraft
dova aircraft sro,dova aircraft sro
"wingtip to wingtip, llc",wingtip to wingtip llc
aliev bulent,aliev bulent
aero at sp zoo,aero sp z o o
grumman aircraft,grumman american avn. corp.
leigh,leigh
unregistered,unregistered
commander aircraft company,commander aircraft co
aviat aircraft,aviat
hawker-beechcraft,hawker beechcraft corp
aviat aircraft inc.,aviat
tomei,tomei
gould,gould
british aircraft corp,british aircraft corp.
rearwin,rearwin
gulfstream aerospace corp.,gulfstream aerospace
hawker beechcraft corp.,hawker beechcraft corp
belcher william b ii,belcher william b ii
potez-air fouga,potez-air fouga
kolb aircraft inc,kolb aircraft inc
lantz,lantz
eurocopter deutschland gmbh,eurocopter deutschland gmbh
columbia,columbia aircraft mfg
hawker-beechcraft corporation,hawker beechcraft corp
carlo robert,carlo robert
partenavia,partenavia s.p.a.
north american/schwamm,north american
medway,medway
mcclish,mcclish
grumman american aviation corp,grumman american avn. corp.
eccker,eccker
central ohio dragonfly clubllc,central ohio dragonfly club
skykits corporation,skykits corp
ca tecnam srl,ca tecnam srl
wilde daniel l,wilde daniel l
hummel / finberg,hummel / finberg
air creation,air tractor inc
hemmer,hemmer
american champion aircraft cor,american champion aircraft
brewster fleet,brewster fleet
s.c. aerostar s.a.,s c aerostar s a
avions max holste,avions max holste
schleicher,schleicher
bradshaw,bradshaw
quartz mountain aerospace inc,quartz mountain aerospace
rose-rhinehart,rose
piper/wally's flyers inc,piper/wally's flyers inc
glenn h curtiss museum,glenn h curtiss museum
czech aircraft works,czech aircraft works spol sro
shaffer william c,easter william c
smithwick/treidel,smithwick/treidel
pitts aerobatics,pitts
luscombe silvaire aircraft co.,luscombe
ayres corp,ayres corporation
quicksilver aircraft,quicksilver aircraft co
jetprop dlx piper,jetprop dlx piper
american eurocopter llc,american eurocopter llc
new standard,new standard
true flight holdings llc,true flight holdings llc
costruzioni aeronautichetecnam,costruzioni aeronautiche tecna
saab-scania,saab
williams yakovlev,williams yakovlev
sentman lee h,sentman lee h
ferguson william c,foster william d
gulfstream american corp.,gulfstream aerospace
keller,beller
atr,atr
dassault falcon,dassault aviation
sutherland ron,sutherland ron
paradise usa llc,paradise aircraft usa llc
wicks air center llc,wicks air center llc
univar,universal
zenith aircraft co,zenith
beriev aircraft company,beriev aircraft company
golden circle,golden avio s r l
fuji,fuji
palen,palen
butler aircraft company,beriev aircraft company
dusenberry mark j,dusenberry mark j
american legend aircraft co.,american champion aircraft
c a tecnam srl,ca tecnam srl
aeromot,aerotek
destiny powered parachutes llc,destiny powered parachutes llc
phantom aircraft,phantom aeronautics
fisher michael h,fisher michael h
grahn j/grahn g,grahn j/grahn g
kociemba robert h,kociemba robert h
boeing of canada/dehav div,boeing of canada/dehav div
white,white
dart,dart
crisman,crisman
corvus,corvus
wsk-pzl meilec,wsk-mielec
noorduyn,nord
zivko aeronautics inc,zivko aeronautics inc
thompson david,thompson david
north american/victoria mnt lt,north american
iniziative,iniziative industriali italian
yakovlev/day,yakovlev
meuer mark,meuer gary d
gentry john k,gentry john k
storch aviation australia pty,storch aviation australia pty
hazelwood michael s,hazelwood michael s
kilroy,kilroy
univair,universal
jihlavan,jihlavan airplanes sro
valentin,valentin
t bird,bird
engineering and research,engineering & research
aeronca aircraft corporation,aeronca aircraft corporation
taylorcraft corporation,taylorcraft
d-fly,d-fly
robinson,robinson helicopter
cirrus design,cirrus design corp
aerospatiale alenia,aerospatiale alenia
ultra flight llc,ultra flight llc
siemer james h,siemer james h
pzl,pzl
snow,snow
partenavia spa,partenavia s.p.a.
naval aircraft factory,naval aircraft factory
holm michael j,holm michael j
moses tim c,moses tim c
antonovich anton b,antonov
laird,laird
piper aerostar,piper aircraft inc
indus aviation inc,indus aviation inc.
american champion (acac),american champion aircraft
diamond aircraft industry inc,diamond aircraft ind inc
tetrault ronad,tetrault ronad
ercoupe (eng & research corp.),ercoupe (eng & research corp.)
europro cz,aeropro cz
christen industries,christen industries inc
grumman acft eng,grumman acft eng cor-schweizer
wheat,wheat
costruzioni aeronautiche,costruzioni aeronautiche tecna
aircraft mfg & dev. co. (amd),aircraft mfg & development co
morane-saulnier,morane-saulnier
cosmos,cosmos phase ii
grumman-schweizer,grumman acft eng cor-schweizer
lyons,lyons
evektor aerotechnik as,evektor aerotechnik
collard,collard
powrachute,powrachute
cubcrafter,cubcrafters inc
raytheon corporate jets,raytheon corporate jets
eclipse aviation corporation,eclipse aviation corporation
bristol,bristell
saab-scania ab (saab),saab-scania ab (saab)
wsl pzl,wsl pzl
bolenbaugh phillip william,bolenbaugh phillip william
curtiss-wright,curtiss wright
grimes barry r,grimes barry r
aero sp z o o (gobosh),aero sp z o o
indy aircraft ltd,indy aircraft ltd
eagle aircraft co.,eagle
sport flight,sport flight
"nichols rans, inc.","nichols rans, inc."
quad city ultralight aircraft,quad city
evektor-aerotechnik,evektor aerotechnik
ab sportine aviacija,ab sportine aviacija
yowell,yowell
la moutte,la moutte
"bombardier, inc.",bombardier inc
aero vodochody aero. works,aero vodochody
nord (sncan),nord
taylorcraft aviation,taylorcraft
"uetz, walter","uetz, walter"
helton,helio
heldeberg design,heldeberg design
british aircraft corp. (bac),british aircraft corp.
piper cub crafters,piper aircraft inc
mkii corporation,mkii corporation
just aircraft,just aircraft llc
aeros,aerofab
columbia aircraft mfg.,columbia aircraft mfg
"cortesy, john e","cortesy, john e"
"thrush aircraft, inc.",thrush aircraft llc
moravan,moravan
extra flugzeugproduktions-gmbh,extra flugzeugbau gmbh
higher class aviation,higher class aviation
emory b. wood,emory b. wood
eclipse aviation,eclipse aerospace inc
artic aircraft corp.,artic aircraft corp.
chech aircraft works spol sro,czech aircraft works spol sro
american aviation corp. (aac),american champion aircraft
fairchild swearingen,fairchild
bardouche,bardouche
"rans, inc.",rans inc
j&j ultralights,j&j ultralights
spartan,spartan
aircraft mfg & dev. co.,aircraft mfg & development co
william p. crowell,william p. crowell
north american rockwell corp.,north american
airindus,airbus
avid aircraft,avid
micco aircraft company,micco aircraft company
barnard/stancil,barnard/stancil
gulfstream american,gulfstream aerospace
found acft,found
"smith, ted aerostar","smith, ted aerostar"
piaggio aero industries s.p.a.,piaggio aero industries spa
scottish,scott mills
"wrb associates, llc.","wrb associates, llc."
ploof progressive aerodyne's,ploof progressive aerodyne's
poser,poser
indus,indus aviation inc.
short bros.,short bros. & harland
st. claire,st. claire
evektor-aerotechnik a.s.,evektor aerotechnik
boeing stearman,boeing
"ekornaas, fred","ekornaas, fred"
trinidad,trinidad
adams,adams
edra aeronautica,edra aeronautica
liberty aerospace inc.,liberty aerospace incorporated
zlin aviation s.r.o.,zlin aviation s r o
quicksilver manufacturing,quicksilver aircraft co
found aircraft canada inc,found acft canada inc
aircoupe,ercoupe
christen industries inc.,christen industries inc
opus motorsports llc,opus motorsports llc
beck,beck
evektor aerotechnic,evektor aerotechnik
hamilton,hamilton
bush caddy usa,bush caddy usa
dta sari,dta sari
john d. williams,john d. williams
wsk-pzl mielic,wsk-mielec
"cub crafters, inc.",cubcrafters inc
rajhamsa,rajhamsa
cub crafters inc.,cubcrafters inc
"sherman john, h","sherman john, h"
evektor,evektor aerotechnik
halsted,halsted
frew,frew
piaggio industrie,piaggio aero industries spa
northwing design,north wing uum inc
skygear,skygear
thrush aircraft inc.,thrush aircraft llc
forney,forney
walker,walker
gadbois,gadbois
aerospatiale,aerospatiale alenia
pzl warzawa-cnpsl,pzl warszawa-okecie
monocoupe aircraft,monocoupe
north american aviation div.,north american
ac mfg & dev't co,ac mfg & dev't co
gates learjet,gates lear jet
mooney aircraft,mooney
burkhart grob flugzeugbau,burkhart grob flugzeugbau
found aircraft canada,found acft canada inc
flight design usa,flight design gmbh
eads pzl warsza,eads pzl warsza
camair,canadair
"liberty aerospace, inc.",liberty aerospace incorporated
columbia aircraft,columbia aircraft mfg
burkhart-grob,burkhart grob flugzeugbau
airborne windsports ltd,airborne
fairchild merlin,fairchild
cavalier aircraft corp.,cavalier aircraft corp.
lingwall,lingwall
waco classic aircraft corp.,waco classic aircraft corp
riley,riley
interavia,interstate
utva,utva
great lakes aircraft company,great lakes
burkhart grob,burkhart grob flugzeugbau
air trikes,air trikes
scheibe,schleicher
stampe,stampe
meyers aircraft co.,meyers aircraft co.
manarin/johnson,manarin/johnson
liberty,liberty
vans aircraft,van's aircraft
spectrum aeronautical llc,spectrum aeronautical llc
rolladen-schneider,rolladen-schneider
"chevrier, armand","chevrier, armand"
aerial productions intl. inc.,aerial productions intl. inc.
varga,varga aircraft corp.
excel jet,excel jet
allied ag cat productions,allied ag cat productions
classic aircraft corp.,classic aircraft corp
stys,stys
corporate jets limited,corporate jets limited
indus aviation,indus aviation inc.
heliotech,helio
howard aircraft corp.,howard aircraft
"christen industries, inc.",christen industries inc
piper/stevens,piper/stevens
loehle,loehle
globe swift,globe
short brothers,short bros. & harland
wsk-pzl warzawaokecie,pzl warszawa-okecie
joseph e. crosby,"joseph c. andrews, jr."
lee kolb,lee kolb
plavcan,plavcan
airbus industries,airbus
convair div. of gen. dynamics,convair div. of gen. dynamics
akro tech aviation inc. giles,akro tech aviation inc. giles
avions robin,avions mudry cie
wsk pzl,wsk pzl mielec
bellanca aircraft corporation,bellanca
mk ii,mk ii
agusta spa,agusta spa
allegro,allegro
smith aerostar,"smith, ted aerostar"
malechek,malechek
"allied ag cat productions, inc",allied ag cat productions
zivko aeronautics inc.,zivko aeronautics inc
scandinavian aero industry,scandinavian aero industry
clarke,lake
pzl warzawa-okecie,pzl warszawa-okecie
cgs aviation,cgs aviation
martin,mariner
wsk-pzl mielec,wsk-mielec
"bombardier aerospace, inc.",bombardier inc
auster,auster
pzl-mielec,pzl mielec
american general aircraft,american champion aircraft
"aerostar, s.a","aerostar, s.a"
arctic aircraft company,arctic aircraft co inc
reims aviation,reims
interplane sro,interplane sro
twin commander acft. corp.,twin commander acft. corp.
sabreliner corp.,sabreliner corp.
arctic aircraft company inc,arctic aircraft co inc
fairchild-heliporter,fairchild
hamburger flugzeugbau (hfb),hamburger flugzeugbau (hfb)
blair-american,blair-american
rawdon bros. aircraft,rawdon bros. aircraft
bellanca citabria,bellanca
scan,scan
bushmaster aircraft,bushmaster aircraft
claxton,claxton
wsk pzl warzawa-okecie,pzl warszawa-okecie
helio aircraft ltd,helio
pollard & huntley,pollard & huntley
"consolidated aeronautics, inc",consolidated aeronautics inc.
universal moulded pdts.,universal
buchmann,buchmann
adventura,adventura
mooney aircraft corp,mooney
extra flugzeugrau gmbh,extra flugzeugbau gmbh
schweizer aircraft corp.,schweizer aircraft corp
aeronca/bubeck,aerofab
hispano aviacion,hispano aviacion
giles,giles
arctic aircraft corp.,arctic aircraft co inc
christen,christen industries inc
louis amato,louis amato
aircraft mfg & development co.,aircraft mfg & development co
mikoyan mig,mikoyan gurevich
interplane llc,interplane sro
"new piper aircraft, inc.",new piper aircraft inc
wing aircraft,wing aircraft
commander aircraft,commander aircraft co
let np kinovice,let np kinovice
enstrom,enstrom
general motors,general motors
charles,charles
degair,degair
"vans aircraft, inc.",van's aircraft
mikoyan,mikoyan gurevich
aero vodochody aero works,aero vodochody
apex aircraft,apex aircraft
longren,longren
dromader,dromader
aero  vodochody,aero vodochody
sabre trike,sabre trike
sino-swearingen,sino-swearingen
"aerofab, inc.",aerofab
classic fighter industries,classic fighter industries
davis,davidson larry r
mielec,wsk-mielec
american champion acac,american champion aircraft
grumman american avn corp,grumman american avn. corp.
north american aero classics,north american
grumman acft eng cor schweizer,grumman acft eng cor-schweizer
grumman aircraft cor schweizer,grumman acft eng cor-schweizer
north american aviation div,north american
north american victoria mnt lt,north american
north american schwamm,north american
